config,query,run_no,planning_ms,execution_ms,root_node,events_scan_node,plan_rows,actual_rows,est_ratio,actual_rows_per_loop,actual_loops,estimated_total_rows,normalized_est_ratio,parallel,events_parallel,workers_planned,workers_launched,shared_hit,root_shared_hit,shared_read,root_shared_read,io_read_ms,root_io_read_ms,temp_written,root_temp_written
c0_none,q1_range_filter,1,0.075,534.373,Gather,Seq Scan,44193,106272,2.4047247301608854,35424,3,106063.2,1.0019686375670356,True,True,2,2,82530,41265,469712,234856,766.912,383.456,0,0
c0_none,q1_range_filter,2,0.072,540.017,Gather,Seq Scan,44193,106272,2.4047247301608854,35424,3,106063.2,1.0019686375670356,True,True,2,2,82722,41361,469520,234760,782.826,391.413,0,0
c0_none,q1_range_filter,3,0.073,538.534,Gather,Seq Scan,44193,106272,2.4047247301608854,35424,3,106063.2,1.0019686375670356,True,True,2,2,82914,41457,469328,234664,771.09,385.545,0,0
c0_none,q1_range_filter,4,0.085,533.761,Gather,Seq Scan,44193,106272,2.4047247301608854,35424,3,106063.2,1.0019686375670356,True,True,2,2,83106,41553,469136,234568,774.022,387.011,0,0
c0_none,q1_range_filter,5,0.077,542.38,Gather,Seq Scan,44193,106272,2.4047247301608854,35424,3,106063.2,1.0019686375670356,True,True,2,2,83298,41649,468944,234472,783.736,391.868,0,0
c0_none,q2_join_aggregate,1,0.333,1160.944,Sort,Seq Scan,1140174,2758035,2.418959737724242,919345,3,2736417.6,1.0078998907184342,True,True,2,2,303383,43168,1639960,234280,2769.172,395.596,0,0
c0_none,q2_join_aggregate,2,0.323,1115.322,Sort,Seq Scan,1140174,2758035,2.418959737724242,919345,3,2736417.6,1.0078998907184342,True,True,2,2,304055,43264,1639288,234184,2731.456,390.208,0,0
c0_none,q2_join_aggregate,3,0.387,1113.169,Sort,Seq Scan,1140174,2758035,2.418959737724242,919345,3,2736417.6,1.0078998907184342,True,True,2,2,304727,43360,1638616,234088,2720.235,388.605,0,0
c0_none,q2_join_aggregate,4,0.239,1110.387,Sort,Seq Scan,1140174,2758035,2.418959737724242,919345,3,2736417.6,1.0078998907184342,True,True,2,2,305399,43456,1637944,233992,2716.973,388.139,0,0
c0_none,q2_join_aggregate,5,0.227,1117.849,Sort,Seq Scan,1140174,2758035,2.418959737724242,919345,3,2736417.6,1.0078998907184342,True,True,2,2,306071,43552,1637272,233896,2739.2259999999997,391.318,0,0
c0_none,q3a_jsonb_common,1,0.179,1300.553,Aggregate,Seq Scan,1390338,3499377,2.5169253807347567,1166459,3,3336811.1999999997,1.048718908639482,True,True,2,2,169668,42417,934816,233704,1546.156,386.539,0,0
c0_none,q3a_jsonb_common,2,0.117,1307.32,Aggregate,Seq Scan,1390338,3499377,2.5169253807347567,1166459,3,3336811.1999999997,1.048718908639482,True,True,2,2,170052,42513,934432,233608,1556.056,389.014,0,0
c0_none,q3a_jsonb_common,3,0.17,1336.935,Aggregate,Seq Scan,1390338,3499377,2.5169253807347567,1166459,3,3336811.1999999997,1.048718908639482,True,True,2,2,170436,42609,934048,233512,1594.608,398.652,0,0
c0_none,q3a_jsonb_common,4,0.178,1304.709,Aggregate,Seq Scan,1390338,3499377,2.5169253807347567,1166459,3,3336811.1999999997,1.048718908639482,True,True,2,2,170820,42705,933664,233416,1539.176,384.794,0,0
c0_none,q3a_jsonb_common,5,0.175,1296.175,Aggregate,Seq Scan,1390338,3499377,2.5169253807347567,1166459,3,3336811.1999999997,1.048718908639482,True,True,2,2,171204,42801,933280,233320,1537.872,384.468,0,0
c0_none,q3b_jsonb_rare,1,0.163,981.69,Aggregate,Seq Scan,413,50097,121.3002421307506,16699,3,991.1999999999999,50.54176755447942,True,True,2,2,171972,42993,932512,233128,1542.74,385.685,0,0
c0_none,q3b_jsonb_rare,2,0.146,984.698,Aggregate,Seq Scan,413,50097,121.3002421307506,16699,3,991.1999999999999,50.54176755447942,True,True,2,2,172356,43089,932128,233032,1544.288,386.072,0,0
c0_none,q3b_jsonb_rare,3,0.162,976.127,Aggregate,Seq Scan,413,50097,121.3002421307506,16699,3,991.1999999999999,50.54176755447942,True,True,2,2,172740,43185,931744,232936,1502.284,375.571,0,0
c0_none,q3b_jsonb_rare,4,0.169,971.792,Aggregate,Seq Scan,413,50097,121.3002421307506,16699,3,991.1999999999999,50.54176755447942,True,True,2,2,173124,43281,931360,232840,1489.336,372.334,0,0
c0_none,q3b_jsonb_rare,5,0.113,974.421,Aggregate,Seq Scan,413,50097,121.3002421307506,16699,3,991.1999999999999,50.54176755447942,True,True,2,2,173508,43377,930976,232744,1516.3,379.075,0,0
c1_btree_ts,q1_range_filter,1,0.151,181.25,Gather,Index Scan,44942,106272,2.3646477682346134,35424,3,107860.8,0.9852699034310889,True,True,2,2,129498,64749,0,0,0.0,0.0,0,0
c1_btree_ts,q1_range_filter,2,0.113,175.963,Gather,Index Scan,44942,106272,2.3646477682346134,35424,3,107860.8,0.9852699034310889,True,True,2,2,129486,64743,0,0,0.0,0.0,0,0
c1_btree_ts,q1_range_filter,3,0.121,177.224,Gather,Index Scan,44942,106272,2.3646477682346134,35424,3,107860.8,0.9852699034310889,True,True,2,2,129452,64726,0,0,0.0,0.0,0,0
c1_btree_ts,q1_range_filter,4,0.229,176.104,Gather,Index Scan,44942,106272,2.3646477682346134,35424,3,107860.8,0.9852699034310889,True,True,2,2,129520,64760,0,0,0.0,0.0,0,0
c1_btree_ts,q1_range_filter,5,0.159,172.02,Gather,Index Scan,44942,106272,2.3646477682346134,35424,3,107860.8,0.9852699034310889,True,True,2,2,129530,64765,0,0,0.0,0.0,0,0
c1_btree_ts,q2_join_aggregate,1,0.364,885.665,Sort,Index Scan,1164677,2758035,2.368068571801452,919345,3,2795224.8,0.9866952382506051,True,True,2,2,761092,108555,5537,791,17.927,2.561,0,0
c1_btree_ts,q2_join_aggregate,2,0.405,864.37,Sort,Index Scan,1164677,2758035,2.368068571801452,919345,3,2795224.8,0.9866952382506051,True,True,2,2,762730,108789,3948,564,16.737000000000002,2.391,0,0
c1_btree_ts,q2_join_aggregate,3,0.339,863.6,Sort,Index Scan,1164677,2758035,2.368068571801452,919345,3,2795224.8,0.9866952382506051,True,True,2,2,763052,108835,3668,524,12.964,1.852,0,0
c1_btree_ts,q2_join_aggregate,4,0.381,859.449,Sort,Index Scan,1164677,2758035,2.368068571801452,919345,3,2795224.8,0.9866952382506051,True,True,2,2,764963,109108,1729,247,8.141,1.163,0,0
c1_btree_ts,q2_join_aggregate,5,0.383,853.54,Sort,Index Scan,1164677,2758035,2.368068571801452,919345,3,2795224.8,0.9866952382506051,True,True,2,2,766762,109365,0,0,0.0,0.0,0,0
c1_btree_ts,q3a_jsonb_common,1,0.176,1316.192,Aggregate,Seq Scan,1682303,3499377,2.080111014484311,1166459,3,4037527.1999999997,0.8667129227017963,True,True,2,2,381136,95284,723348,180837,1275.568,318.892,0,0
c1_btree_ts,q3a_jsonb_common,2,0.183,1281.29,Aggregate,Seq Scan,1682303,3499377,2.080111014484311,1166459,3,4037527.1999999997,0.8667129227017963,True,True,2,2,381520,95380,722964,180741,1202.248,300.562,0,0
c1_btree_ts,q3a_jsonb_common,3,0.162,1280.131,Aggregate,Seq Scan,1682303,3499377,2.080111014484311,1166459,3,4037527.1999999997,0.8667129227017963,True,True,2,2,381904,95476,722580,180645,1203.092,300.773,0,0
c1_btree_ts,q3a_jsonb_common,4,0.164,1282.064,Aggregate,Seq Scan,1682303,3499377,2.080111014484311,1166459,3,4037527.1999999997,0.8667129227017963,True,True,2,2,382288,95572,722196,180549,1196.708,299.177,0,0
c1_btree_ts,q3a_jsonb_common,5,0.165,1299.966,Aggregate,Seq Scan,1682303,3499377,2.080111014484311,1166459,3,4037527.1999999997,0.8667129227017963,True,True,2,2,382672,95668,721812,180453,1236.66,309.165,0,0
c1_btree_ts,q3b_jsonb_rare,1,0.174,959.241,Aggregate,Seq Scan,412,50097,121.59466019417475,16699,3,988.8,50.664441747572816,True,True,2,2,383440,95860,721044,180261,1175.808,293.952,0,0
c1_btree_ts,q3b_jsonb_rare,2,0.171,964.859,Aggregate,Seq Scan,412,50097,121.59466019417475,16699,3,988.8,50.664441747572816,True,True,2,2,383824,95956,720660,180165,1177.356,294.339,0,0
c1_btree_ts,q3b_jsonb_rare,3,0.162,979.759,Aggregate,Seq Scan,412,50097,121.59466019417475,16699,3,988.8,50.664441747572816,True,True,2,2,384208,96052,720276,180069,1164.312,291.078,0,0
c1_btree_ts,q3b_jsonb_rare,4,0.173,960.395,Aggregate,Seq Scan,412,50097,121.59466019417475,16699,3,988.8,50.664441747572816,True,True,2,2,384592,96148,719892,179973,1170.604,292.651,0,0
c1_btree_ts,q3b_jsonb_rare,5,0.169,957.23,Aggregate,Seq Scan,412,50097,121.59466019417475,16699,3,988.8,50.664441747572816,True,True,2,2,384976,96244,719508,179877,1160.192,290.048,0,0
c2_btree_ts_status,q1_range_filter,1,0.113,99.642,Index Scan,Index Scan,104228,106271,1.019601258778831,106271,1,104228,1.019601258778831,False,False,0,0,53941,53941,0,0,0.0,0.0,0,0
c2_btree_ts_status,q1_range_filter,2,0.146,112.556,Index Scan,Index Scan,104228,106271,1.019601258778831,106271,1,104228,1.019601258778831,False,False,0,0,53941,53941,0,0,0.0,0.0,0,0
c2_btree_ts_status,q1_range_filter,3,0.153,98.6,Index Scan,Index Scan,104228,106271,1.019601258778831,106271,1,104228,1.019601258778831,False,False,0,0,53941,53941,0,0,0.0,0.0,0,0
c2_btree_ts_status,q1_range_filter,4,0.126,100.155,Index Scan,Index Scan,104228,106271,1.019601258778831,106271,1,104228,1.019601258778831,False,False,0,0,53941,53941,0,0,0.0,0.0,0,0
c2_btree_ts_status,q1_range_filter,5,0.117,98.327,Index Scan,Index Scan,104228,106271,1.019601258778831,106271,1,104228,1.019601258778831,False,False,0,0,53941,53941,0,0,0.0,0.0,0,0
c2_btree_ts_status,q2_join_aggregate,1,0.437,803.603,Sort,Index Scan,1149293,2758035,2.399766639142499,919345,3,2758303.1999999997,0.9999027663093747,True,True,2,2,800544,114191,0,0,0.0,0.0,0,0
c2_btree_ts_status,q2_join_aggregate,2,0.452,808.849,Sort,Index Scan,1149293,2758035,2.399766639142499,919345,3,2758303.1999999997,0.9999027663093747,True,True,2,2,800523,114188,0,0,0.0,0.0,0,0
c2_btree_ts_status,q2_join_aggregate,3,0.416,817.355,Sort,Index Scan,1149293,2758035,2.399766639142499,919345,3,2758303.1999999997,0.9999027663093747,True,True,2,2,800474,114181,0,0,0.0,0.0,0,0
c2_btree_ts_status,q2_join_aggregate,4,0.378,828.012,Sort,Index Scan,1149293,2758035,2.399766639142499,919345,3,2758303.1999999997,0.9999027663093747,True,True,2,2,800320,114159,0,0,0.0,0.0,0,0
c2_btree_ts_status,q2_join_aggregate,5,0.288,805.59,Sort,Index Scan,1149293,2758035,2.399766639142499,919345,3,2758303.1999999997,0.9999027663093747,True,True,2,2,800418,114173,0,0,0.0,0.0,0,0
c2_btree_ts_status,q3a_jsonb_common,1,0.135,1374.089,Aggregate,Seq Scan,1594630,3499377,2.1944758345196065,1166459,3,3827112.0,0.914364931049836,True,True,2,2,386256,96564,718228,179557,1308.632,327.158,0,0
c2_btree_ts_status,q3a_jsonb_common,2,0.127,1310.3,Aggregate,Seq Scan,1594630,3499377,2.1944758345196065,1166459,3,3827112.0,0.914364931049836,True,True,2,2,386640,96660,717844,179461,1223.68,305.92,0,0
c2_btree_ts_status,q3a_jsonb_common,3,0.124,1287.154,Aggregate,Seq Scan,1594630,3499377,2.1944758345196065,1166459,3,3827112.0,0.914364931049836,True,True,2,2,387024,96756,717460,179365,1190.372,297.593,0,0
c2_btree_ts_status,q3a_jsonb_common,4,0.129,1287.454,Aggregate,Seq Scan,1594630,3499377,2.1944758345196065,1166459,3,3827112.0,0.914364931049836,True,True,2,2,387408,96852,717076,179269,1194.556,298.639,0,0
c2_btree_ts_status,q3a_jsonb_common,5,0.189,1298.258,Aggregate,Seq Scan,1594630,3499377,2.1944758345196065,1166459,3,3827112.0,0.914364931049836,True,True,2,2,387792,96948,716692,179173,1221.004,305.251,0,0
c2_btree_ts_status,q3b_jsonb_rare,1,0.155,957.647,Aggregate,Seq Scan,415,50097,120.71566265060241,16699,3,996.0,50.29819277108434,True,True,2,2,388560,97140,715924,178981,1154.012,288.503,0,0
c2_btree_ts_status,q3b_jsonb_rare,2,0.15,958.218,Aggregate,Seq Scan,415,50097,120.71566265060241,16699,3,996.0,50.29819277108434,True,True,2,2,388944,97236,715540,178885,1151.296,287.824,0,0
c2_btree_ts_status,q3b_jsonb_rare,3,0.118,953.194,Aggregate,Seq Scan,415,50097,120.71566265060241,16699,3,996.0,50.29819277108434,True,True,2,2,389328,97332,715156,178789,1138.556,284.639,0,0
c2_btree_ts_status,q3b_jsonb_rare,4,0.123,952.019,Aggregate,Seq Scan,415,50097,120.71566265060241,16699,3,996.0,50.29819277108434,True,True,2,2,389712,97428,714772,178693,1139.204,284.801,0,0
c2_btree_ts_status,q3b_jsonb_rare,5,0.132,970.814,Aggregate,Seq Scan,415,50097,120.71566265060241,16699,3,996.0,50.29819277108434,True,True,2,2,390096,97524,714388,178597,1148.036,287.009,0,0
c3_btree_status_ts,q1_range_filter,1,0.152,76.142,Index Scan,Index Scan,106086,106271,1.001743868182418,106271,1,106086,1.001743868182418,False,False,0,0,49801,49801,0,0,0.0,0.0,0,0
c3_btree_status_ts,q1_range_filter,2,0.121,79.92,Index Scan,Index Scan,106086,106271,1.001743868182418,106271,1,106086,1.001743868182418,False,False,0,0,49801,49801,0,0,0.0,0.0,0,0
c3_btree_status_ts,q1_range_filter,3,0.14,88.382,Index Scan,Index Scan,106086,106271,1.001743868182418,106271,1,106086,1.001743868182418,False,False,0,0,49801,49801,0,0,0.0,0.0,0,0
c3_btree_status_ts,q1_range_filter,4,0.12,80.117,Index Scan,Index Scan,106086,106271,1.001743868182418,106271,1,106086,1.001743868182418,False,False,0,0,49801,49801,0,0,0.0,0.0,0,0
c3_btree_status_ts,q1_range_filter,5,0.112,75.032,Index Scan,Index Scan,106086,106271,1.001743868182418,106271,1,106086,1.001743868182418,False,False,0,0,49801,49801,0,0,0.0,0.0,0,0
c3_btree_status_ts,q2_join_aggregate,1,0.365,801.726,Sort,Index Scan,1141498,2758035,2.416154036187536,919345,3,2739595.1999999997,1.0067308484114734,True,True,2,2,770269,109866,0,0,0.0,0.0,0,0
c3_btree_status_ts,q2_join_aggregate,2,0.34,824.707,Sort,Index Scan,1141498,2758035,2.416154036187536,919345,3,2739595.1999999997,1.0067308484114734,True,True,2,2,770458,109893,7,1,0.077,0.011,0,0
c3_btree_status_ts,q2_join_aggregate,3,0.372,794.901,Sort,Index Scan,1141498,2758035,2.416154036187536,919345,3,2739595.1999999997,1.0067308484114734,True,True,2,2,770563,109908,0,0,0.0,0.0,0,0
c3_btree_status_ts,q2_join_aggregate,4,0.434,799.546,Sort,Index Scan,1141498,2758035,2.416154036187536,919345,3,2739595.1999999997,1.0067308484114734,True,True,2,2,770906,109957,0,0,0.0,0.0,0,0
c3_btree_status_ts,q2_join_aggregate,5,0.42,796.138,Sort,Index Scan,1141498,2758035,2.416154036187536,919345,3,2739595.1999999997,1.0067308484114734,True,True,2,2,770507,109900,0,0,0.0,0.0,0,0
c3_btree_status_ts,q3a_jsonb_common,1,0.181,1288.155,Aggregate,Seq Scan,1436438,3499377,2.436149001906104,1166459,3,3447451.1999999997,1.0150620841275433,True,True,2,2,391376,97844,713108,178277,1189.024,297.256,0,0
c3_btree_status_ts,q3a_jsonb_common,2,0.172,1296.324,Aggregate,Seq Scan,1436438,3499377,2.436149001906104,1166459,3,3447451.1999999997,1.0150620841275433,True,True,2,2,391760,97940,712724,178181,1194.376,298.594,0,0
c3_btree_status_ts,q3a_jsonb_common,3,0.19,1291.886,Aggregate,Seq Scan,1436438,3499377,2.436149001906104,1166459,3,3447451.1999999997,1.0150620841275433,True,True,2,2,392144,98036,712340,178085,1175.696,293.924,0,0
c3_btree_status_ts,q3a_jsonb_common,4,0.179,1302.058,Aggregate,Seq Scan,1436438,3499377,2.436149001906104,1166459,3,3447451.1999999997,1.0150620841275433,True,True,2,2,392528,98132,711956,177989,1197.684,299.421,0,0
c3_btree_status_ts,q3a_jsonb_common,5,0.179,1296.06,Aggregate,Seq Scan,1436438,3499377,2.436149001906104,1166459,3,3447451.1999999997,1.0150620841275433,True,True,2,2,392912,98228,711572,177893,1181.3,295.325,0,0
c3_btree_status_ts,q3b_jsonb_rare,1,0.153,955.691,Aggregate,Seq Scan,412,50097,121.59466019417475,16699,3,988.8,50.664441747572816,True,True,2,2,393680,98420,710804,177701,1143.528,285.882,0,0
c3_btree_status_ts,q3b_jsonb_rare,2,0.16,965.157,Aggregate,Seq Scan,412,50097,121.59466019417475,16699,3,988.8,50.664441747572816,True,True,2,2,394064,98516,710420,177605,1137.028,284.257,0,0
c3_btree_status_ts,q3b_jsonb_rare,3,0.116,963.726,Aggregate,Seq Scan,412,50097,121.59466019417475,16699,3,988.8,50.664441747572816,True,True,2,2,394448,98612,710036,177509,1162.792,290.698,0,0
c3_btree_status_ts,q3b_jsonb_rare,4,0.163,955.524,Aggregate,Seq Scan,412,50097,121.59466019417475,16699,3,988.8,50.664441747572816,True,True,2,2,394832,98708,709652,177413,1136.412,284.103,0,0
c3_btree_status_ts,q3b_jsonb_rare,5,0.157,958.609,Aggregate,Seq Scan,412,50097,121.59466019417475,16699,3,988.8,50.664441747572816,True,True,2,2,395216,98804,709268,177317,1145.148,286.287,0,0
c4_btree_partial,q1_range_filter,1,0.102,71.951,Index Scan,Index Scan,102515,106271,1.0366385407013607,106271,1,102515,1.0366385407013607,False,False,0,0,49714,49714,0,0,0.0,0.0,0,0
c4_btree_partial,q1_range_filter,2,0.188,73.656,Index Scan,Index Scan,102515,106271,1.0366385407013607,106271,1,102515,1.0366385407013607,False,False,0,0,49714,49714,0,0,0.0,0.0,0,0
c4_btree_partial,q1_range_filter,3,0.11,71.646,Index Scan,Index Scan,102515,106271,1.0366385407013607,106271,1,102515,1.0366385407013607,False,False,0,0,49714,49714,0,0,0.0,0.0,0,0
c4_btree_partial,q1_range_filter,4,0.147,73.796,Index Scan,Index Scan,102515,106271,1.0366385407013607,106271,1,102515,1.0366385407013607,False,False,0,0,49714,49714,0,0,0.0,0.0,0,0
c4_btree_partial,q1_range_filter,5,0.291,69.526,Index Scan,Index Scan,102515,106271,1.0366385407013607,106271,1,102515,1.0366385407013607,False,False,0,0,49714,49714,0,0,0.0,0.0,0,0
c4_btree_partial,q2_join_aggregate,1,0.322,1090.199,Sort,Seq Scan,1150919,2758035,2.3963762871235943,919345,3,2762205.6,0.9984901196348309,True,True,2,2,704364,100451,1238979,176997,2042.9360000000001,291.848,0,0
c4_btree_partial,q2_join_aggregate,2,0.244,1110.336,Sort,Seq Scan,1150919,2758035,2.3963762871235943,919345,3,2762205.6,0.9984901196348309,True,True,2,2,705036,100547,1238307,176901,2125.3540000000003,303.622,0,0
c4_btree_partial,q2_join_aggregate,3,0.235,1083.43,Sort,Seq Scan,1150919,2758035,2.3963762871235943,919345,3,2762205.6,0.9984901196348309,True,True,2,2,705708,100643,1237635,176805,2035.74,290.82,0,0
c4_btree_partial,q2_join_aggregate,4,0.322,1107.709,Sort,Seq Scan,1150919,2758035,2.3963762871235943,919345,3,2762205.6,0.9984901196348309,True,True,2,2,706380,100739,1236963,176709,2017.953,288.279,0,0
c4_btree_partial,q2_join_aggregate,5,0.377,1075.888,Sort,Seq Scan,1150919,2758035,2.3963762871235943,919345,3,2762205.6,0.9984901196348309,True,True,2,2,707052,100835,1236291,176613,2011.6809999999998,287.383,0,0
c4_btree_partial,q3a_jsonb_common,1,0.172,1283.303,Aggregate,Seq Scan,1426602,3499377,2.452945530708635,1166459,3,3423844.8,1.0220606377952646,True,True,2,2,398800,99700,705684,176421,1169.216,292.304,0,0
c4_btree_partial,q3a_jsonb_common,2,0.176,1298.14,Aggregate,Seq Scan,1426602,3499377,2.452945530708635,1166459,3,3423844.8,1.0220606377952646,True,True,2,2,399184,99796,705300,176325,1164.704,291.176,0,0
c4_btree_partial,q3a_jsonb_common,3,0.175,1273.912,Aggregate,Seq Scan,1426602,3499377,2.452945530708635,1166459,3,3423844.8,1.0220606377952646,True,True,2,2,399568,99892,704916,176229,1173.524,293.381,0,0
c4_btree_partial,q3a_jsonb_common,4,0.169,1286.309,Aggregate,Seq Scan,1426602,3499377,2.452945530708635,1166459,3,3423844.8,1.0220606377952646,True,True,2,2,399952,99988,704532,176133,1175.212,293.803,0,0
c4_btree_partial,q3a_jsonb_common,5,0.166,1284.682,Aggregate,Seq Scan,1426602,3499377,2.452945530708635,1166459,3,3423844.8,1.0220606377952646,True,True,2,2,400336,100084,704148,176037,1167.936,291.984,0,0
c4_btree_partial,q3b_jsonb_rare,1,0.214,959.133,Aggregate,Seq Scan,414,50097,121.0072463768116,16699,3,993.5999999999999,50.41968599033817,True,True,2,2,401104,100276,703380,175845,1136.068,284.017,0,0
c4_btree_partial,q3b_jsonb_rare,2,0.189,951.371,Aggregate,Seq Scan,414,50097,121.0072463768116,16699,3,993.5999999999999,50.41968599033817,True,True,2,2,401488,100372,702996,175749,1127.884,281.971,0,0
c4_btree_partial,q3b_jsonb_rare,3,0.231,977.658,Aggregate,Seq Scan,414,50097,121.0072463768116,16699,3,993.5999999999999,50.41968599033817,True,True,2,2,401872,100468,702612,175653,1161.772,290.443,0,0
c4_btree_partial,q3b_jsonb_rare,4,0.17,961.86,Aggregate,Seq Scan,414,50097,121.0072463768116,16699,3,993.5999999999999,50.41968599033817,True,True,2,2,402256,100564,702228,175557,1134.44,283.61,0,0
c4_btree_partial,q3b_jsonb_rare,5,0.218,954.494,Aggregate,Seq Scan,414,50097,121.0072463768116,16699,3,993.5999999999999,50.41968599033817,True,True,2,2,402640,100660,701844,175461,1124.676,281.169,0,0
c5_btree_covering,q1_range_filter,1,0.215,99.327,Index Only Scan,Index Only Scan,107700,106271,0.9867316620241411,106271,1,107700,0.9867316620241411,False,False,0,0,10918,10918,0,0,0.0,0.0,0,0
c5_btree_covering,q1_range_filter,2,0.162,100.953,Index Only Scan,Index Only Scan,107700,106271,0.9867316620241411,106271,1,107700,0.9867316620241411,False,False,0,0,10918,10918,0,0,0.0,0.0,0,0
c5_btree_covering,q1_range_filter,3,0.126,108.966,Index Only Scan,Index Only Scan,107700,106271,0.9867316620241411,106271,1,107700,0.9867316620241411,False,False,0,0,10918,10918,0,0,0.0,0.0,0,0
c5_btree_covering,q1_range_filter,4,0.211,100.529,Index Only Scan,Index Only Scan,107700,106271,0.9867316620241411,106271,1,107700,0.9867316620241411,False,False,0,0,10918,10918,0,0,0.0,0.0,0,0
c5_btree_covering,q1_range_filter,5,0.11,95.878,Index Only Scan,Index Only Scan,107700,106271,0.9867316620241411,106271,1,107700,0.9867316620241411,False,False,0,0,10918,10918,0,0,0.0,0.0,0,0
c5_btree_covering,q2_join_aggregate,1,0.435,670.708,Sort,Index Only Scan,1173377,2758035,2.3505105349772495,919345,3,2816104.8,0.979379389573854,True,True,2,2,134774,19081,0,0,0.0,0.0,0,0
c5_btree_covering,q2_join_aggregate,2,0.372,675.171,Sort,Index Only Scan,1173377,2758035,2.3505105349772495,919345,3,2816104.8,0.979379389573854,True,True,2,2,134774,19081,0,0,0.0,0.0,0,0
c5_btree_covering,q2_join_aggregate,3,0.381,667.129,Sort,Index Only Scan,1173377,2758035,2.3505105349772495,919345,3,2816104.8,0.979379389573854,True,True,2,2,134774,19081,0,0,0.0,0.0,0,0
c5_btree_covering,q2_join_aggregate,4,0.349,679.161,Sort,Index Only Scan,1173377,2758035,2.3505105349772495,919345,3,2816104.8,0.979379389573854,True,True,2,2,134774,19081,0,0,0.0,0.0,0,0
c5_btree_covering,q2_join_aggregate,5,0.376,670.176,Sort,Index Only Scan,1173377,2758035,2.3505105349772495,919345,3,2816104.8,0.979379389573854,True,True,2,2,134774,19081,0,0,0.0,0.0,0,0
c5_btree_covering,q3a_jsonb_common,1,0.138,1288.431,Aggregate,Seq Scan,1294846,3499377,2.7025430051141215,1166459,3,3107630.4,1.1260595854642175,True,True,2,2,403920,100980,700564,175141,1165.62,291.405,0,0
c5_btree_covering,q3a_jsonb_common,2,0.17,1288.376,Aggregate,Seq Scan,1294846,3499377,2.7025430051141215,1166459,3,3107630.4,1.1260595854642175,True,True,2,2,404304,101076,700180,175045,1204.264,301.066,0,0
c5_btree_covering,q3a_jsonb_common,3,0.168,1321.747,Aggregate,Seq Scan,1294846,3499377,2.7025430051141215,1166459,3,3107630.4,1.1260595854642175,True,True,2,2,404688,101172,699796,174949,1263.732,315.933,0,0
c5_btree_covering,q3a_jsonb_common,4,0.176,1316.589,Aggregate,Seq Scan,1294846,3499377,2.7025430051141215,1166459,3,3107630.4,1.1260595854642175,True,True,2,2,405072,101268,699412,174853,1213.376,303.344,0,0
c5_btree_covering,q3a_jsonb_common,5,0.156,1278.086,Aggregate,Seq Scan,1294846,3499377,2.7025430051141215,1166459,3,3107630.4,1.1260595854642175,True,True,2,2,405456,101364,699028,174757,1177.18,294.295,0,0
c5_btree_covering,q3b_jsonb_rare,1,0.146,955.641,Aggregate,Seq Scan,412,50097,121.59466019417475,16699,3,988.8,50.664441747572816,True,True,2,2,406224,101556,698260,174565,1145.34,286.335,0,0
c5_btree_covering,q3b_jsonb_rare,2,0.176,963.665,Aggregate,Seq Scan,412,50097,121.59466019417475,16699,3,988.8,50.664441747572816,True,True,2,2,406608,101652,697876,174469,1150.352,287.588,0,0
c5_btree_covering,q3b_jsonb_rare,3,0.117,983.862,Aggregate,Seq Scan,412,50097,121.59466019417475,16699,3,988.8,50.664441747572816,True,True,2,2,406992,101748,697492,174373,1204.952,301.238,0,0
c5_btree_covering,q3b_jsonb_rare,4,0.235,971.508,Aggregate,Seq Scan,412,50097,121.59466019417475,16699,3,988.8,50.664441747572816,True,True,2,2,407376,101844,697108,174277,1100.372,275.093,0,0
c5_btree_covering,q3b_jsonb_rare,5,0.166,1000.493,Aggregate,Seq Scan,412,50097,121.59466019417475,16699,3,988.8,50.664441747572816,True,True,2,2,407760,101940,696724,174181,1111.852,277.963,0,0
c6_brin_ts,q1_range_filter,1,0.133,183.886,Gather,Bitmap Heap Scan,44992,106272,2.3620199146514937,35424,3,107980.8,0.9841749644381224,True,True,2,2,117317,58634,0,0,0.0,0.0,0,0
c6_brin_ts,q1_range_filter,2,0.137,185.898,Gather,Bitmap Heap Scan,44992,106272,2.3620199146514937,35424,3,107980.8,0.9841749644381224,True,True,2,2,117317,58634,0,0,0.0,0.0,0,0
c6_brin_ts,q1_range_filter,3,0.121,180.348,Gather,Bitmap Heap Scan,44992,106272,2.3620199146514937,35424,3,107980.8,0.9841749644381224,True,True,2,2,117317,58634,0,0,0.0,0.0,0,0
c6_brin_ts,q1_range_filter,4,0.136,181.912,Gather,Bitmap Heap Scan,44992,106272,2.3620199146514937,35424,3,107980.8,0.9841749644381224,True,True,2,2,117317,58634,0,0,0.0,0.0,0,0
c6_brin_ts,q1_range_filter,5,0.128,182.049,Gather,Bitmap Heap Scan,44992,106272,2.3620199146514937,35424,3,107980.8,0.9841749644381224,True,True,2,2,117317,58634,0,0,0.0,0.0,0,0
c6_brin_ts,q2_join_aggregate,1,0.357,816.79,Sort,Bitmap Heap Scan,1148012,2758035,2.4024443995358933,919345,3,2755228.8,1.0010184998066223,True,True,2,2,677543,96607,0,0,0.0,0.0,0,0
c6_brin_ts,q2_join_aggregate,2,0.339,839.824,Sort,Bitmap Heap Scan,1148012,2758035,2.4024443995358933,919345,3,2755228.8,1.0010184998066223,True,True,2,2,677543,96607,0,0,0.0,0.0,0,0
c6_brin_ts,q2_join_aggregate,3,0.312,827.362,Sort,Bitmap Heap Scan,1148012,2758035,2.4024443995358933,919345,3,2755228.8,1.0010184998066223,True,True,2,2,677543,96607,0,0,0.0,0.0,0,0
c6_brin_ts,q2_join_aggregate,4,0.324,823.878,Sort,Bitmap Heap Scan,1148012,2758035,2.4024443995358933,919345,3,2755228.8,1.0010184998066223,True,True,2,2,677543,96607,0,0,0.0,0.0,0,0
c6_brin_ts,q2_join_aggregate,5,0.325,830.639,Sort,Bitmap Heap Scan,1148012,2758035,2.4024443995358933,919345,3,2755228.8,1.0010184998066223,True,True,2,2,677543,96607,0,0,0.0,0.0,0,0
c6_brin_ts,q3a_jsonb_common,1,0.168,1257.529,Aggregate,Seq Scan,1273577,3499377,2.7476760337223425,1166459,3,3056584.8,1.1448650140509762,True,True,2,2,408784,102196,695700,173925,1017.396,254.349,0,0
c6_brin_ts,q3a_jsonb_common,2,0.162,1251.299,Aggregate,Seq Scan,1273577,3499377,2.7476760337223425,1166459,3,3056584.8,1.1448650140509762,True,True,2,2,409168,102292,695316,173829,1006.524,251.631,0,0
c6_brin_ts,q3a_jsonb_common,3,0.16,1250.086,Aggregate,Seq Scan,1273577,3499377,2.7476760337223425,1166459,3,3056584.8,1.1448650140509762,True,True,2,2,409552,102388,694932,173733,997.164,249.291,0,0
c6_brin_ts,q3a_jsonb_common,4,0.187,1250.454,Aggregate,Seq Scan,1273577,3499377,2.7476760337223425,1166459,3,3056584.8,1.1448650140509762,True,True,2,2,409936,102484,694548,173637,998.3,249.575,0,0
c6_brin_ts,q3a_jsonb_common,5,0.161,1248.236,Aggregate,Seq Scan,1273577,3499377,2.7476760337223425,1166459,3,3056584.8,1.1448650140509762,True,True,2,2,410320,102580,694164,173541,999.928,249.982,0,0
c6_brin_ts,q3b_jsonb_rare,1,0.152,933.247,Aggregate,Seq Scan,413,50097,121.3002421307506,16699,3,991.1999999999999,50.54176755447942,True,True,2,2,411088,102772,693396,173349,982.92,245.73,0,0
c6_brin_ts,q3b_jsonb_rare,2,0.156,925.906,Aggregate,Seq Scan,413,50097,121.3002421307506,16699,3,991.1999999999999,50.54176755447942,True,True,2,2,411472,102868,693012,173253,976.436,244.109,0,0
c6_brin_ts,q3b_jsonb_rare,3,0.166,933.793,Aggregate,Seq Scan,413,50097,121.3002421307506,16699,3,991.1999999999999,50.54176755447942,True,True,2,2,411856,102964,692628,173157,974.672,243.668,0,0
c6_brin_ts,q3b_jsonb_rare,4,0.326,927.769,Aggregate,Seq Scan,413,50097,121.3002421307506,16699,3,991.1999999999999,50.54176755447942,True,True,2,2,412240,103060,692244,173061,973.852,243.463,0,0
c6_brin_ts,q3b_jsonb_rare,5,0.155,943.084,Aggregate,Seq Scan,413,50097,121.3002421307506,16699,3,991.1999999999999,50.54176755447942,True,True,2,2,412624,103156,691860,172965,1006.904,251.726,0,0
c7_gin_payload,q1_range_filter,1,0.106,494.736,Gather,Seq Scan,45458,106272,2.3378063267191695,35424,3,109099.2,0.9740859694663205,True,True,2,2,206824,103412,345418,172709,503.472,251.736,0,0
c7_gin_payload,q1_range_filter,2,0.114,505.875,Gather,Seq Scan,45458,106272,2.3378063267191695,35424,3,109099.2,0.9740859694663205,True,True,2,2,207016,103508,345226,172613,517.894,258.947,0,0
c7_gin_payload,q1_range_filter,3,0.112,492.136,Gather,Seq Scan,45458,106272,2.3378063267191695,35424,3,109099.2,0.9740859694663205,True,True,2,2,207208,103604,345034,172517,495.448,247.724,0,0
c7_gin_payload,q1_range_filter,4,0.098,492.661,Gather,Seq Scan,45458,106272,2.3378063267191695,35424,3,109099.2,0.9740859694663205,True,True,2,2,207400,103700,344842,172421,496.762,248.381,0,0
c7_gin_payload,q1_range_filter,5,0.111,493.802,Gather,Seq Scan,45458,106272,2.3378063267191695,35424,3,109099.2,0.9740859694663205,True,True,2,2,207592,103796,344650,172325,494.658,247.329,0,0
c7_gin_payload,q2_join_aggregate,1,0.358,1037.867,Sort,Seq Scan,1150460,2758035,2.3973323713992665,919345,3,2761104.0,0.9988884880830277,True,True,2,2,738412,105315,1204931,172133,1726.921,246.703,0,0
c7_gin_payload,q2_join_aggregate,2,0.327,1058.522,Sort,Seq Scan,1150460,2758035,2.3973323713992665,919345,3,2761104.0,0.9988884880830277,True,True,2,2,739084,105411,1204259,172037,1720.348,245.764,0,0
c7_gin_payload,q2_join_aggregate,3,0.323,1042.249,Sort,Seq Scan,1150460,2758035,2.3973323713992665,919345,3,2761104.0,0.9988884880830277,True,True,2,2,739756,105507,1203587,171941,1759.1979999999999,251.314,0,0
c7_gin_payload,q2_join_aggregate,4,0.348,1044.555,Sort,Seq Scan,1150460,2758035,2.3973323713992665,919345,3,2761104.0,0.9988884880830277,True,True,2,2,740428,105603,1202915,171845,1732.78,247.54,0,0
c7_gin_payload,q2_join_aggregate,5,0.33,1041.393,Sort,Seq Scan,1150460,2758035,2.3973323713992665,919345,3,2761104.0,0.9988884880830277,True,True,2,2,741100,105699,1202243,171749,1731.52,247.36,0,0
c7_gin_payload,q3a_jsonb_common,1,0.209,1597.793,Aggregate,Bitmap Heap Scan,1718645,3499377,2.0361255523973827,1166459,3,4124748.0,0.8483856468322428,True,True,2,2,5,1,1106940,276612,3755.843,938.716,0,0
c7_gin_payload,q3a_jsonb_common,2,0.208,1624.546,Aggregate,Bitmap Heap Scan,1718645,3499377,2.0361255523973827,1166459,3,4124748.0,0.8483856468322428,True,True,2,2,5,1,1106940,276612,3773.1349999999998,942.992,0,0
c7_gin_payload,q3a_jsonb_common,3,0.199,1591.221,Aggregate,Bitmap Heap Scan,1718645,3499377,2.0361255523973827,1166459,3,4124748.0,0.8483856468322428,True,True,2,2,5,1,1106940,276612,3731.2580000000003,932.562,0,0
c7_gin_payload,q3a_jsonb_common,4,0.204,1651.259,Aggregate,Bitmap Heap Scan,1718645,3499377,2.0361255523973827,1166459,3,4124748.0,0.8483856468322428,True,True,2,2,5,1,1106940,276612,3765.9990000000003,941.235,0,0
c7_gin_payload,q3a_jsonb_common,5,0.22,1595.479,Aggregate,Bitmap Heap Scan,1718645,3499377,2.0361255523973827,1166459,3,4124748.0,0.8483856468322428,True,True,2,2,5,1,1106940,276612,3715.6479999999997,928.661,0,0
c7_gin_payload,q3b_jsonb_rare,1,0.155,82.781,Aggregate,Bitmap Heap Scan,987,50098,50.75785207700101,50098,1,987,50.75785207700101,False,False,0,0,91764,45873,0,0,0.0,0.0,0,0
c7_gin_payload,q3b_jsonb_rare,2,0.167,88.336,Aggregate,Bitmap Heap Scan,987,50098,50.75785207700101,50098,1,987,50.75785207700101,False,False,0,0,91764,45873,0,0,0.0,0.0,0,0
c7_gin_payload,q3b_jsonb_rare,3,0.154,87.031,Aggregate,Bitmap Heap Scan,987,50098,50.75785207700101,50098,1,987,50.75785207700101,False,False,0,0,91764,45873,0,0,0.0,0.0,0,0
c7_gin_payload,q3b_jsonb_rare,4,0.131,82.603,Aggregate,Bitmap Heap Scan,987,50098,50.75785207700101,50098,1,987,50.75785207700101,False,False,0,0,91764,45873,0,0,0.0,0.0,0,0
c7_gin_payload,q3b_jsonb_rare,5,0.153,86.423,Aggregate,Bitmap Heap Scan,987,50098,50.75785207700101,50098,1,987,50.75785207700101,False,False,0,0,91764,45873,0,0,0.0,0.0,0,0
